Route_Name,Route_Link,Bus_Name,Bus_Type,Departing_Time,Duration,Reaching_Time,Star_Rating,Price,Seat_Availability
Delhi to Chandigarh,https://www.redbus.in/bus-tickets/delhi-to-chandigarh,HRTC - 551,A/C Executive (2+3),15:30,05h 55m,21:25,3.9,INR 400,41 Seats available
Delhi to Chandigarh,https://www.redbus.in/bus-tickets/delhi-to-chandigarh,HRTC - 525,Ordinary 3+2 Non AC Seater,16:50,05h 50m,22:40,3.9,INR 290,27 Seats available
Delhi to Chandigarh,https://www.redbus.in/bus-tickets/delhi-to-chandigarh,HRTC - 526,Ordinary 3+2 Non AC Seater,17:00,06h 00m,23:00,3.9,INR 275,35 Seats available
Delhi to Chandigarh,https://www.redbus.in/bus-tickets/delhi-to-chandigarh,HRTC - 532,Ordinary 3+2 Non AC Seater,17:59,05h 41m,23:40,3.9,INR 290,27 Seats available
Delhi to Chandigarh,https://www.redbus.in/bus-tickets/delhi-to-chandigarh,HRTC - 587,Ordinary 3+2 Non AC Seater,18:25,04h 40m,23:05,3.9,INR 290,32 Seats available
Delhi to Chandigarh,https://www.redbus.in/bus-tickets/delhi-to-chandigarh,HRTC - 541,Ordinary 3+2 Non AC Seater,19:14,05h 16m,00:30,3.9,INR 290,35 Seats available
Delhi to Chandigarh,https://www.redbus.in/bus-tickets/delhi-to-chandigarh,HRTC - 549,A/C Executive (2+3),19:25,05h 15m,00:40,3.9,INR 390,38 Seats available
Delhi to Chandigarh,https://www.redbus.in/bus-tickets/delhi-to-chandigarh,HRTC - 548,Ordinary 3+2 Non AC Seater,19:31,05h 09m,00:40,3.9,INR 290,25 Seats available
Delhi to Chandigarh,https://www.redbus.in/bus-tickets/delhi-to-chandigarh,HRTC - 545,Ordinary 3+2 Non AC Seater,19:32,04h 48m,00:20,3.9,INR 275,36 Seats available
Delhi to Chandigarh,https://www.redbus.in/bus-tickets/delhi-to-chandigarh,HRTC - 301,Ordinary 3+2 Non AC Seater,19:43,04h 37m,00:20,3.9,INR 290,27 Seats available
Delhi to Chandigarh,https://www.redbus.in/bus-tickets/delhi-to-chandigarh,HRTC - 84,Himsuta AC Seater Volvo/Scania 2+2,20:15,05h 05m,01:20,3.9,INR 543,11 Seats available
Delhi to Chandigarh,https://www.redbus.in/bus-tickets/delhi-to-chandigarh,HRTC - 557,Ordinary 3+2 Non AC Seater,20:15,05h 15m,01:30,3.9,INR 290,22 Seats available
Delhi to Chandigarh,https://www.redbus.in/bus-tickets/delhi-to-chandigarh,HRTC - 547,A/C Executive (2+3),20:16,05h 09m,01:25,3.9,INR 395,42 Seats available
Delhi to Chandigarh,https://www.redbus.in/bus-tickets/delhi-to-chandigarh,HRTC - 591,A/C Executive (2+3),21:00,06h 00m,03:00,2.4,INR 400,42 Seats available
Delhi to Chandigarh,https://www.redbus.in/bus-tickets/delhi-to-chandigarh,HRTC - 567,Himsuta AC Seater Volvo/Scania 2+2,21:03,05h 27m,02:30,3.9,INR 533,9 Seats available
Delhi to Chandigarh,https://www.redbus.in/bus-tickets/delhi-to-chandigarh,HRTC - 574,Ordinary 3+2 Non AC Seater,21:14,05h 26m,02:40,3.9,INR 275,35 Seats available
Delhi to Chandigarh,https://www.redbus.in/bus-tickets/delhi-to-chandigarh,HRTC - 568,Ordinary 3+2 Non AC Seater,21:30,05h 35m,03:05,3.9,INR 290,39 Seats available
Delhi to Chandigarh,https://www.redbus.in/bus-tickets/delhi-to-chandigarh,HRTC - 571,Ordinary 3+2 Non AC Seater,21:40,04h 50m,02:30,2.3,INR 285,22 Seats available
Delhi to Chandigarh,https://www.redbus.in/bus-tickets/delhi-to-chandigarh,HRTC - 577,A/C Executive (2+3),21:40,05h 00m,02:40,3.5,INR 400,37 Seats available
Delhi to Chandigarh,https://www.redbus.in/bus-tickets/delhi-to-chandigarh,HRTC - 600,Himsuta AC Seater Volvo/Scania 2+2,21:50,06h 10m,04:00,3.9,INR 533,17 Seats available
Delhi to Chandigarh,https://www.redbus.in/bus-tickets/delhi-to-chandigarh,HRTC - 579,Ordinary 3+2 Non AC Seater,22:30,04h 30m,03:00,3.9,INR 285,23 Seats available
Delhi to Chandigarh,https://www.redbus.in/bus-tickets/delhi-to-chandigarh,HRTC - 580,Ordinary 3+2 Non AC Seater,22:45,05h 05m,03:50,3.9,INR 290,33 Seats available
Delhi to Chandigarh,https://www.redbus.in/bus-tickets/delhi-to-chandigarh,HRTC - 576,A/C Executive (2+3),23:20,02h 45m,02:05,2.8,INR 390,42 Seats available
Delhi to Chandigarh,https://www.redbus.in/bus-tickets/delhi-to-chandigarh,HRTC - 564,Ordinary 3+2 Non AC Seater,23:40,06h 00m,05:40,3.0,INR 290,25 Seats available
Delhi to Chandigarh,https://www.redbus.in/bus-tickets/delhi-to-chandigarh,NueGo,A/C Seater (2+2),12:00,05h 05m,17:05,4.2,520,17 Seats available
Delhi to Chandigarh,https://www.redbus.in/bus-tickets/delhi-to-chandigarh,Orbit Aviation Pvt Ltd,Mercedes Multi-Axle Semi Sleeper (2+2),12:55,06h 00m,18:55,3.8,459,40 Seats available
Delhi to Chandigarh,https://www.redbus.in/bus-tickets/delhi-to-chandigarh,NueGo,Electric A/C Seater/Sleeper (2+1),13:00,05h 25m,18:25,3.7,450,12 Seats available
Delhi to Chandigarh,https://www.redbus.in/bus-tickets/delhi-to-chandigarh,NueGo,A/C Seater (2+2),14:30,05h 05m,19:35,3.9,520,20 Seats available
Delhi to Chandigarh,https://www.redbus.in/bus-tickets/delhi-to-chandigarh,City Land Travels,Volvo A/C Semi Sleeper (2+2),15:30,06h 00m,21:30,3.7,763,32 Seats available
Delhi to Chandigarh,https://www.redbus.in/bus-tickets/delhi-to-chandigarh,NueGo,A/C Seater (2+2),15:30,05h 05m,20:35,4.0,520,34 Seats available
Delhi to Chandigarh,https://www.redbus.in/bus-tickets/delhi-to-chandigarh,FlixBus,AC Seater (2+2),16:00,06h 10m,22:10,4.5,INR 414.29,20 Seats available
Delhi to Chandigarh,https://www.redbus.in/bus-tickets/delhi-to-chandigarh,NueGo,A/C Seater (2+2),16:30,05h 25m,21:55,4.0,514,37 Seats available
Delhi to Chandigarh,https://www.redbus.in/bus-tickets/delhi-to-chandigarh,Laxmi holidays,Bharat Benz A/C Seater /Sleeper (2+1),17:00,06h 05m,23:05,4.4,INR 409,24 Seats available
Delhi to Chandigarh,https://www.redbus.in/bus-tickets/delhi-to-chandigarh,Laxmi holidays,Volvo 9600 A/C Semi Sleeper (2+2),17:00,05h 50m,22:50,4.5,INR 500,21 Seats available
Delhi to Chandigarh,https://www.redbus.in/bus-tickets/delhi-to-chandigarh,NueGo,A/C Seater (2+2),17:30,05h 05m,22:35,4.1,514,38 Seats available
Delhi to Chandigarh,https://www.redbus.in/bus-tickets/delhi-to-chandigarh,Zingbus Plus,Volvo A/C Semi Sleeper (2+2),17:30,06h 00m,23:30,4.7,466,25 Seats available
Delhi to Chandigarh,https://www.redbus.in/bus-tickets/delhi-to-chandigarh,NueGo,Electric A/C Seater (2+2),17:40,06h 55m,00:35,4.1,333,22 Seats available
Delhi to Chandigarh,https://www.redbus.in/bus-tickets/delhi-to-chandigarh,Laxmi holidays,Volvo 9600 A/C Semi Sleeper (2+2),18:00,05h 30m,23:30,4.7,INR 500,29 Seats available
Delhi to Chandigarh,https://www.redbus.in/bus-tickets/delhi-to-chandigarh,Subh Yatri Holidays,Volvo A/C Semi Sleeper (2+2),18:00,06h 15m,00:15,3.1,INR 673,33 Seats available
Delhi to Chandigarh,https://www.redbus.in/bus-tickets/delhi-to-chandigarh,FlixBus,Bharat Benz A/C Seater (2+2),18:00,06h 05m,00:05,3.5,INR 562.5,20 Seats available
Delhi to Chandigarh,https://www.redbus.in/bus-tickets/delhi-to-chandigarh,Laxmi holidays,Bharat Benz A/C Sleeper (2+1),18:00,05h 30m,23:30,4.7,INR 699,22 Seats available
Delhi to Chandigarh,https://www.redbus.in/bus-tickets/delhi-to-chandigarh,Holiday Appeal Private Limited,Bharat Benz A/C Semi Sleeper (2+2),18:00,04h 45m,22:45,4.2,INR 699,36 Seats available
Delhi to Chandigarh,https://www.redbus.in/bus-tickets/delhi-to-chandigarh,Ashok Bus Service,VE A/C Seater / Sleeper (2+1),18:20,05h 35m,23:55,3.9,554,36 Seats available
Delhi to Chandigarh,https://www.redbus.in/bus-tickets/delhi-to-chandigarh,IntrCity SmartBus,VE A/C Seater / Sleeper (2+1),18:30,05h 20m,23:50,4.4,INR 559,18 Seats available
Delhi to Chandigarh,https://www.redbus.in/bus-tickets/delhi-to-chandigarh,Laxmi holidays,Volvo A/C Semi Sleeper (2+2),18:30,05h 00m,23:30,3.6,INR 630,31 Seats available
Delhi to Chandigarh,https://www.redbus.in/bus-tickets/delhi-to-chandigarh,Laxmi holidays,Volvo 9600 Multi-Axle A/C Sleeper (2+1),18:30,05h 20m,23:50,4.5,INR 609,22 Seats available
Delhi to Chandigarh,https://www.redbus.in/bus-tickets/delhi-to-chandigarh,Laxmi holidays,Scania Multi-Axle AC Semi Sleeper (2+2),18:30,05h 15m,23:45,4.7,INR 500,27 Seats available
Delhi to Chandigarh,https://www.redbus.in/bus-tickets/delhi-to-chandigarh,Jamna Travels (Delhi),A/C Seater / Sleeper (2+2),18:30,05h 29m,23:59,3.9,INR 699,24 Seats available
Delhi to Chandigarh,https://www.redbus.in/bus-tickets/delhi-to-chandigarh,Ram Dalal Holidays,Bharat Benz A/C Sleeper (2+1),18:30,05h 35m,00:05,3.9,618,11 Seats available
Delhi to Chandigarh,https://www.redbus.in/bus-tickets/delhi-to-chandigarh,FlixBus,AC Seater (2+2),18:35,06h 15m,00:50,4.1,INR 562.5,24 Seats available
Delhi to Chandigarh,https://www.redbus.in/bus-tickets/delhi-to-chandigarh,RK Holiday,A/C Seater / Sleeper (2+2),18:40,04h 40m,23:20,3.1,522,45 Seats available
Delhi to Chandigarh,https://www.redbus.in/bus-tickets/delhi-to-chandigarh,FlixBus,Volvo A/C Semi Sleeper (2+2),18:45,05h 55m,00:40,4.6,INR 579.46,16 Seats available
Delhi to Chandigarh,https://www.redbus.in/bus-tickets/delhi-to-chandigarh,Reo India Travels,Volvo 9600 Multi Axle Semi-Sleeper (2+2),18:45,04h 24m,23:09,4.1,INR 734,42 Seats available
Delhi to Chandigarh,https://www.redbus.in/bus-tickets/delhi-to-chandigarh,Zingbus Plus,Volvo 9600 A/C Semi Sleeper (2+2),18:45,05h 25m,00:10,4.6,466,33 Seats available
Delhi to Chandigarh,https://www.redbus.in/bus-tickets/delhi-to-chandigarh,Khurana Bus Service,Volvo A/C Semi Sleeper (2+2 ),18:50,06h 00m,00:50,3.5,700,37 Seats available
Delhi to Chandigarh,https://www.redbus.in/bus-tickets/delhi-to-chandigarh,Zakir Flights,Volvo A/C Semi Sleeper (2+2),19:00,05h 30m,00:30,3.2,719,29 Seats available
Delhi to Chandigarh,https://www.redbus.in/bus-tickets/delhi-to-chandigarh,Laxmi holidays,Scania Multi-Axle AC Semi Sleeper (2+2),19:00,04h 55m,23:55,4.4,INR 499,32 Seats available
Delhi to Chandigarh,https://www.redbus.in/bus-tickets/delhi-to-chandigarh,Subh Yatri Holidays,Volvo A/C Semi Sleeper (2+2),19:00,05h 45m,00:45,3.1,606,37 Seats available
Delhi to Chandigarh,https://www.redbus.in/bus-tickets/delhi-to-chandigarh,Laxmi holidays,Volvo 9600 A/C Semi Sleeper (2+2),19:00,05h 15m,00:15,4.6,INR 500,19 Seats available
Delhi to Chandigarh,https://www.redbus.in/bus-tickets/delhi-to-chandigarh,Laxmi holidays,Volvo 9600 A/C Semi Sleeper (2+2),19:00,04h 55m,23:55,4.7,INR 699,20 Seats available
Delhi to Chandigarh,https://www.redbus.in/bus-tickets/delhi-to-chandigarh,Holiday Appeal Private Limited,Volvo A/C Semi Sleeper (2+2),19:00,04h 45m,23:45,4.2,759,29 Seats available
Delhi to Chandigarh,https://www.redbus.in/bus-tickets/delhi-to-chandigarh,PAL Travel Lines,Volvo A/C Semi Sleeper (2+2),19:15,04h 30m,23:45,3.0,629,24 Seats available
Delhi to Chandigarh,https://www.redbus.in/bus-tickets/delhi-to-chandigarh,City Land Travels,Volvo A/C B11R Multi Axle Semi Sleeper (2+2),19:25,05h 40m,01:05,4.4,720,23 Seats available
Delhi to Chandigarh,https://www.redbus.in/bus-tickets/delhi-to-chandigarh,Ram Dalal Holidays,Volvo 9600 A/C Semi Sleeper (2+2),19:30,05h 35m,01:05,4.5,570,12 Seats available
Chandigarh to Delhi,https://www.redbus.in/bus-tickets/chandigarh-to-delhi,Chandigarh Transport Undertaking (CTU) - 165697,HVAC Seater (2+3),14:00,05h 35m,19:35,3.1,INR 414.3,45 Seats available
Chandigarh to Delhi,https://www.redbus.in/bus-tickets/chandigarh-to-delhi,Chandigarh Transport Undertaking (CTU) - 165709,HVAC Seater (2+3),14:30,05h 35m,20:05,3.7,INR 414.3,45 Seats available
Chandigarh to Delhi,https://www.redbus.in/bus-tickets/chandigarh-to-delhi,Chandigarh Transport Undertaking (CTU) - 165720,HVAC Seater (2+3),15:30,05h 35m,21:05,3.9,INR 414.3,47 Seats available
Chandigarh to Delhi,https://www.redbus.in/bus-tickets/chandigarh-to-delhi,Chandigarh Transport Undertaking (CTU) - 165722,HVAC Seater (2+3),16:30,05h 35m,22:05,2.9,INR 414.3,47 Seats available
Chandigarh to Delhi,https://www.redbus.in/bus-tickets/chandigarh-to-delhi,Chandigarh Transport Undertaking (CTU) - 165724,HVAC Seater (2+3),17:00,05h 35m,22:35,3.9,INR 414.3,47 Seats available
Chandigarh to Delhi,https://www.redbus.in/bus-tickets/chandigarh-to-delhi,Chandigarh Transport Undertaking (CTU) - 165726,HVAC Seater (2+3),17:30,05h 35m,23:05,3.6,INR 414.3,47 Seats available
Chandigarh to Delhi,https://www.redbus.in/bus-tickets/chandigarh-to-delhi,NueGo,Electric A/C Seater/Sleeper (2+1),11:55,04h 35m,16:30,3.5,564,9 Seats available
Chandigarh to Delhi,https://www.redbus.in/bus-tickets/chandigarh-to-delhi,NueGo,A/C Seater (2+2),12:00,05h 30m,17:30,3.9,447,8 Seats available
Chandigarh to Delhi,https://www.redbus.in/bus-tickets/chandigarh-to-delhi,City Land Travels,Volvo A/C Semi Sleeper (2+2),13:00,05h 30m,18:30,3.0,405,18 Seats available
Chandigarh to Delhi,https://www.redbus.in/bus-tickets/chandigarh-to-delhi,NueGo,Electric A/C Seater/Sleeper (2+1),13:00,05h 30m,18:30,3.5,450,10 Seats available
Chandigarh to Delhi,https://www.redbus.in/bus-tickets/chandigarh-to-delhi,NueGo,A/C Seater (2+2),14:30,05h 30m,20:00,3.9,447,10 Seats available
Chandigarh to Delhi,https://www.redbus.in/bus-tickets/chandigarh-to-delhi,NueGo,A/C Seater (2+2),15:30,05h 30m,21:00,3.8,447,25 Seats available
Chandigarh to Delhi,https://www.redbus.in/bus-tickets/chandigarh-to-delhi,NueGo,A/C Seater (2+2),16:30,05h 25m,21:55,3.7,447,35 Seats available
Chandigarh to Delhi,https://www.redbus.in/bus-tickets/chandigarh-to-delhi,Laxmi holidays,Bharat Benz A/C Seater /Sleeper (2+1),16:30,06h 00m,22:30,3.2,INR 499,27 Seats available
Chandigarh to Delhi,https://www.redbus.in/bus-tickets/chandigarh-to-delhi,FlixBus,AC Seater (2+2),17:00,06h 00m,23:00,3.2,INR 287.5,20 Seats available
Chandigarh to Delhi,https://www.redbus.in/bus-tickets/chandigarh-to-delhi,NueGo,A/C Seater (2+2),17:30,05h 25m,22:55,4.0,447,42 Seats available
Chandigarh to Delhi,https://www.redbus.in/bus-tickets/chandigarh-to-delhi,Orbit Aviation Pvt Ltd,Mercedes Multi-Axle Semi Sleeper (2+2),18:00,05h 30m,23:30,4.2,524,13 Seats available
Chandigarh to Delhi,https://www.redbus.in/bus-tickets/chandigarh-to-delhi,NueGo,A/C Seater (2+2),18:30,05h 25m,23:55,3.9,447,32 Seats available
Chandigarh to Delhi,https://www.redbus.in/bus-tickets/chandigarh-to-delhi,Orbit Aviation Pvt Ltd,Mercedes Multi-Axle Semi Sleeper (2+2),18:30,05h 00m,23:30,3.2,484,18 Seats available
Chandigarh to Delhi,https://www.redbus.in/bus-tickets/chandigarh-to-delhi,NueGo,Electric A/C Seater (2+2),19:00,06h 10m,01:10,4.3,333,28 Seats available
Chandigarh to Delhi,https://www.redbus.in/bus-tickets/chandigarh-to-delhi,NueGo,A/C Seater (2+2),20:00,05h 20m,01:20,4.1,447,30 Seats available
Chandigarh to Delhi,https://www.redbus.in/bus-tickets/chandigarh-to-delhi,Khurana Bus Service,Volvo A/C (2+2),21:50,04h 55m,02:45,3.5,INR 500,24 Seats available
Chandigarh to Delhi,https://www.redbus.in/bus-tickets/chandigarh-to-delhi,NueGo,Electric A/C Seater/Sleeper (2+1),22:00,05h 15m,03:15,3.6,450,19 Seats available
Chandigarh to Delhi,https://www.redbus.in/bus-tickets/chandigarh-to-delhi,Reo India Travels,Volvo 9600 Multi Axle Semi-Sleeper (2+2),22:19,05h 41m,04:00,4.1,INR 629,27 Seats available
Chandigarh to Delhi,https://www.redbus.in/bus-tickets/chandigarh-to-delhi,City Land Travels,Volvo A/C Semi Sleeper (2+2),22:20,05h 40m,04:00,3.7,619,31 Seats available
Chandigarh to Delhi,https://www.redbus.in/bus-tickets/chandigarh-to-delhi,NueGo,A/C Seater (2+2),23:00,05h 15m,04:15,4.1,547,22 Seats available
Chandigarh to Delhi,https://www.redbus.in/bus-tickets/chandigarh-to-delhi,Deltin Travels Pvt Ltd,Bharat Benz A/C Seater /Sleeper (2+1),23:25,05h 35m,05:00,3.1,INR 599,24 Seats available
Chandigarh to Delhi,https://www.redbus.in/bus-tickets/chandigarh-to-delhi,Laxmi holidays,Bharat Benz A/C Seater /Sleeper (2+1),23:40,05h 05m,04:45,4.7,INR 516,13 Seats available
Chandigarh to Delhi,https://www.redbus.in/bus-tickets/chandigarh-to-delhi,NueGo,Electric A/C Seater/Sleeper (2+1),23:45,05h 15m,05:00,3.8,447,12 Seats available
Chandigarh to Delhi,https://www.redbus.in/bus-tickets/chandigarh-to-delhi,Laxmi holidays,Volvo 9600 A/C Semi Sleeper (2+2),23:50,05h 00m,04:50,4.6,INR 799,18 Seats available
Chandigarh to Delhi,https://www.redbus.in/bus-tickets/chandigarh-to-delhi,Reo India Travels,Volvo 9600 Multi Axle Semi-Sleeper (2+2),23:59,05h 01m,05:00,4.1,INR 700,26 Seats available
Chandigarh to Delhi,https://www.redbus.in/bus-tickets/chandigarh-to-delhi,City Land Travels,Volvo A/C Semi Sleeper (2+2),13:05,05h 25m,18:30,2.6,315,20 Seats available
Chandigarh to Delhi,https://www.redbus.in/bus-tickets/chandigarh-to-delhi,City Land Travels,Volvo A/C Semi Sleeper (2+2),15:35,04h 55m,20:30,2.7,315,20 Seats available
Chandigarh to Delhi,https://www.redbus.in/bus-tickets/chandigarh-to-delhi,Vijay Tour and Travels,Bharat Benz A/C Seater /Sleeper (2+1),17:40,06h 00m,23:40,2.6,629,35 Seats available
Chandigarh to Delhi,https://www.redbus.in/bus-tickets/chandigarh-to-delhi,Orbit Aviation Pvt Ltd,Mercedes Multi-Axle Semi Sleeper (2+2),19:05,04h 25m,23:30,2.9,484,18 Seats available
Chandigarh to Delhi,https://www.redbus.in/bus-tickets/chandigarh-to-delhi,Khurana Bus Service,Volvo A/C (2+2),21:15,05h 30m,02:45,2.5,INR 500,15 Seats available
Chandigarh to Delhi,https://www.redbus.in/bus-tickets/chandigarh-to-delhi,Maheshwaram Travels,A/C Seater / Sleeper (2+2),23:59,08h 21m,08:20,1.4,526,42 Seats available
Chandigarh to Delhi,https://www.redbus.in/bus-tickets/chandigarh-to-delhi,Indo Canadian Transport Company,Volvo A/C Sleeper (2+1),18:28,07h 32m,02:00,4.6,INR 3850,22 Seats available
Chandigarh to Delhi,https://www.redbus.in/bus-tickets/chandigarh-to-delhi,Indo Canadian Transport Company,Volvo A/C Sleeper (2+1),18:30,07h 30m,02:00,4.6,INR 3850,25 Seats available
Chandigarh to Delhi,https://www.redbus.in/bus-tickets/chandigarh-to-delhi,Laxmi holidays,Volvo Multi-Axle A/C Semi Sleeper (2+2),13:00,06h 00m,19:00,3.9,INR 799,7 Seats available
Chandigarh to Delhi,https://www.redbus.in/bus-tickets/chandigarh-to-delhi,Laxmi holidays,Volvo Multi-Axle A/C Semi Sleeper (2+2),13:40,05h 20m,19:00,4.2,INR 699,6 Seats available
Chandigarh to Delhi,https://www.redbus.in/bus-tickets/chandigarh-to-delhi,Indo Canadian Transport Company,Volvo A/C Sleeper (2+1),16:28,06h 32m,23:00,4.6,INR 3850,40 Seats available
Chandigarh to Delhi,https://www.redbus.in/bus-tickets/chandigarh-to-delhi,Indo Canadian Transport Company,Mercedes A/C Semi Sleeper (2+2),16:28,06h 32m,23:00,4.6,INR 3300,25 Seats available
Chandigarh to Delhi,https://www.redbus.in/bus-tickets/chandigarh-to-delhi,Indo Canadian Transport Company,Mercedes A/C Semi Sleeper (2+2),16:30,06h 30m,23:00,4.6,INR 3300,11 Seats available
Chandigarh to Delhi,https://www.redbus.in/bus-tickets/chandigarh-to-delhi,Indo Canadian Transport Company,Volvo A/C Sleeper (2+1),16:30,06h 30m,23:00,4.6,INR 3850,18 Seats available
Chandigarh to Delhi,https://www.redbus.in/bus-tickets/chandigarh-to-delhi,Vijay Tour and Travels,Bharat Benz A/C Sleeper (2+1),17:00,06h 30m,23:30,3.0,719,25 Seats available
Chandigarh to Delhi,https://www.redbus.in/bus-tickets/chandigarh-to-delhi,Indo Canadian Transport Company,Mercedes A/C Semi Sleeper (2+2),18:28,06h 32m,01:00,4.6,INR 3300,25 Seats available
Chandigarh to Delhi,https://www.redbus.in/bus-tickets/chandigarh-to-delhi,Indo Canadian Transport Company,Mercedes A/C Semi Sleeper (2+2),18:30,06h 30m,01:00,4.6,INR 3300,16 Seats available
Chandigarh to Delhi,https://www.redbus.in/bus-tickets/chandigarh-to-delhi,Indo Canadian Transport Company,Mercedes A/C Semi Sleeper (2+2),20:28,06h 32m,03:00,4.6,INR 3300,27 Seats available
Chandigarh to Delhi,https://www.redbus.in/bus-tickets/chandigarh-to-delhi,Indo Canadian Transport Company,Mercedes A/C Semi Sleeper (2+2),20:30,06h 30m,03:00,4.6,INR 3300,32 Seats available
Chandigarh to Delhi,https://www.redbus.in/bus-tickets/chandigarh-to-delhi,VT Bus,Scania Multi-Axle AC Semi Sleeper (2+2),22:25,04h 35m,03:00,4.4,2565,47 Seats available
Chandigarh to Delhi,https://www.redbus.in/bus-tickets/chandigarh-to-delhi,VT Bus,Scania Multi-Axle AC Semi Sleeper (2+2),22:25,04h 35m,03:00,4.4,2565,53 Seats available
Chandigarh to Delhi,https://www.redbus.in/bus-tickets/chandigarh-to-delhi,Indo Canadian Transport Company,Volvo A/C Sleeper (2+1),22:28,06h 32m,05:00,4.6,INR 3850,18 Seats available
Chandigarh to Delhi,https://www.redbus.in/bus-tickets/chandigarh-to-delhi,Indo Canadian Transport Company,Volvo A/C Sleeper (2+1),22:30,06h 30m,05:00,4.6,INR 3850,40 Seats available
Chandigarh to Delhi,https://www.redbus.in/bus-tickets/chandigarh-to-delhi,Laxmi holidays,Volvo 9600 A/C Semi Sleeper (2+2),23:00,05h 20m,04:20,4.7,INR 799,16 Seats available
Chandigarh to Delhi,https://www.redbus.in/bus-tickets/chandigarh-to-delhi,Zingbus Plus,Bharat Benz A/C Semi Sleeper (2+2),23:10,06h 00m,05:10,3.5,983,2 Seats available
Chandigarh to Delhi,https://www.redbus.in/bus-tickets/chandigarh-to-delhi,Reo India Travels,Volvo 9600 Multi Axle Semi-Sleeper (2+2),23:10,04h 10m,03:20,4.1,INR 1997,45 Seats available
Chandigarh to Delhi,https://www.redbus.in/bus-tickets/chandigarh-to-delhi,Zingbus Plus,Bharat Benz A/C Semi Sleeper (2+2),23:45,05h 25m,05:10,4.7,1033,1 Seat available
Chandigarh to Delhi,https://www.redbus.in/bus-tickets/chandigarh-to-delhi,City Land Travels,Volvo A/C Semi Sleeper (2+2),23:45,04h 40m,04:25,3.0,1710,2 Seats available
Chandigarh to Delhi,https://www.redbus.in/bus-tickets/chandigarh-to-delhi,Himalayan Nomad Ktc,Volvo A/C Semi Sleeper (2+2),23:55,05h 35m,05:30,3.9,879,7 Seats available
Chandigarh to Delhi,https://www.redbus.in/bus-tickets/chandigarh-to-delhi,Laxmi holidays,Scania Multi-Axle AC Semi Sleeper (2+2),23:55,04h 20m,04:15,4.8,INR 799,29 Seats available
Yamuna Nagar to Chandigarh,https://www.redbus.in/bus-tickets/yamuna-nagar-to-chandigarh,Chandigarh Transport Undertaking (CTU) - 165750,HVAC Seater (2+3),12:20,02h 45m,15:05,4.0,INR 195.6,46 Seats available
Yamuna Nagar to Chandigarh,https://www.redbus.in/bus-tickets/yamuna-nagar-to-chandigarh,Chandigarh Transport Undertaking (CTU) - 165752,HVAC Seater (2+3),14:20,02h 45m,17:05,4.0,INR 195.6,44 Seats available
Yamuna Nagar to Chandigarh,https://www.redbus.in/bus-tickets/yamuna-nagar-to-chandigarh,SHRI KRISHNA TRAVELS (JAI SHREE GANESH YATRA CO.),VE A/C Seater / Sleeper (2+1),20:40,02h 50m,23:30,3.7,INR 799,24 Seats available
Yamuna Nagar to Chandigarh,https://www.redbus.in/bus-tickets/yamuna-nagar-to-chandigarh,City Land Travels,Volvo A/C Semi Sleeper (2+2),22:15,03h 00m,01:15,3.6,810,23 Seats available
Yamuna Nagar to Chandigarh,https://www.redbus.in/bus-tickets/yamuna-nagar-to-chandigarh,City Land Travels,A/C Seater/Sleeper (2+1),21:20,02h 00m,23:20,3.6,540,29 Seats available
Yamuna Nagar to Chandigarh,https://www.redbus.in/bus-tickets/yamuna-nagar-to-chandigarh,KN Nehra Travels,A/C Seater / Sleeper (2+1),23:30,02h 25m,01:55,3.0,INR 699,29 Seats available
Yamuna Nagar to Chandigarh,https://www.redbus.in/bus-tickets/yamuna-nagar-to-chandigarh,KN Nehra Travels,A/C Seater / Sleeper (2+1),23:30,02h 40m,02:10,3.0,INR 699,29 Seats available
Yamuna Nagar to Chandigarh,https://www.redbus.in/bus-tickets/yamuna-nagar-to-chandigarh,Zimindara Travels,AC Sleeper (2+1),20:30,02h 45m,23:15,4.1,INR 749,24 Seats available
Yamuna Nagar to Chandigarh,https://www.redbus.in/bus-tickets/yamuna-nagar-to-chandigarh,Om Sidh Express,Volvo A/C (2+2),20:20,03h 10m,23:30,3.3,1044,30 Seats available
Ludhiana to Chandigarh,https://www.redbus.in/bus-tickets/ludhiana-to-chandigarh,Chandigarh Transport Undertaking (CTU) - 165804,HVAC Seater (2+3),12:40,02h 45m,15:25,4.3,INR 181.4,49 Seats available
Ludhiana to Chandigarh,https://www.redbus.in/bus-tickets/ludhiana-to-chandigarh,Chandigarh Transport Undertaking (CTU) - 165806,HVAC Seater (2+3),16:35,02h 45m,19:20,4.2,INR 181.4,47 Seats available
Ludhiana to Chandigarh,https://www.redbus.in/bus-tickets/ludhiana-to-chandigarh,Jujhar Travels,Mercedes Benz A/C (2+2),13:10,02h 05m,15:15,4.5,INR 300,48 Seats available
Ludhiana to Chandigarh,https://www.redbus.in/bus-tickets/ludhiana-to-chandigarh,Jujhar Travels,Volvo A/C Semi Sleeper (2+2),14:00,02h 00m,16:00,4.8,INR 300,40 Seats available
Ludhiana to Chandigarh,https://www.redbus.in/bus-tickets/ludhiana-to-chandigarh,Jujhar Travels,Volvo A/C Semi Sleeper (2+2),14:25,01h 45m,16:10,3.1,INR 320,39 Seats available
Ludhiana to Chandigarh,https://www.redbus.in/bus-tickets/ludhiana-to-chandigarh,Jujhar Travels,Volvo A/C Semi Sleeper (2+2),15:25,02h 00m,17:25,4.2,INR 300,40 Seats available
Ludhiana to Chandigarh,https://www.redbus.in/bus-tickets/ludhiana-to-chandigarh,Jujhar Travels,Mercedes A/C Seater (2+2),17:20,02h 10m,19:30,4.4,INR 300,48 Seats available
Ludhiana to Chandigarh,https://www.redbus.in/bus-tickets/ludhiana-to-chandigarh,Jujhar Travels,Mercedes A/C Seater (2+2),18:00,01h 50m,19:50,4.0,INR 300,30 Seats available
Ludhiana to Chandigarh,https://www.redbus.in/bus-tickets/ludhiana-to-chandigarh,Jujhar Travels,Mercedes Benz A/C (2+2),18:50,02h 00m,20:50,3.5,INR 300,48 Seats available
Ludhiana to Chandigarh,https://www.redbus.in/bus-tickets/ludhiana-to-chandigarh,Golden Temple Volvo Bus Service,Bharat Benz A/C Semi Sleeper (2+2),11:55,12h 00m,23:55,3.1,INR 1086,32 Seats available
Ludhiana to Chandigarh,https://www.redbus.in/bus-tickets/ludhiana-to-chandigarh,New Khaira TPT,AC Sleeper (2+1),12:30,02h 15m,14:45,3.2,INR 1350,7 Seats available
Ludhiana to Chandigarh,https://www.redbus.in/bus-tickets/ludhiana-to-chandigarh,New Khaira TPT,AC Sleeper (2+1),12:30,02h 15m,14:45,3.2,INR 1350,7 Seats available
Ludhiana to Chandigarh,https://www.redbus.in/bus-tickets/ludhiana-to-chandigarh,Vijay Tour and Travels,Bharat Benz A/C Seater /Sleeper (2+1),19:00,02h 30m,21:30,3.5,539,31 Seats available
Ludhiana to Chandigarh,https://www.redbus.in/bus-tickets/ludhiana-to-chandigarh,Shree Mahaveer Travels Jaipur,Bharat Benz A/C Seater /Sleeper (2+1),19:15,03h 20m,22:35,3.7,INR 799,32 Seats available
Ludhiana to Chandigarh,https://www.redbus.in/bus-tickets/ludhiana-to-chandigarh,Orbit Aviation Pvt. Ltd.,Mercedes Multi-Axle Semi Sleeper (2+2),20:15,01h 50m,22:05,3.6,INR 699,53 Seats available
Ludhiana to Chandigarh,https://www.redbus.in/bus-tickets/ludhiana-to-chandigarh,Vijay Tour and Travels,Volvo 9600 A/C Sleeper (2+1),21:00,03h 20m,00:20,3.3,1124,3 Seats available
Ludhiana to Chandigarh,https://www.redbus.in/bus-tickets/ludhiana-to-chandigarh,SHRI KRISHNA TRAVELS (JAI SHREE GANESH YATRA CO.),VE A/C Seater / Sleeper (2+1),21:30,02h 00m,23:30,3.7,INR 1211,23 Seats available
Ludhiana to Chandigarh,https://www.redbus.in/bus-tickets/ludhiana-to-chandigarh,SHRI KRISHNA TRAVELS (JAI SHREE GANESH YATRA CO.),VE A/C Seater / Sleeper (2+1),21:30,02h 25m,23:55,3.7,INR 1499,23 Seats available
Ludhiana to Chandigarh,https://www.redbus.in/bus-tickets/ludhiana-to-chandigarh,Deltin Travels Pvt Ltd,Bharat Benz A/C Seater /Sleeper (2+1),21:50,01h 45m,23:35,4.1,INR 600,25 Seats available
Ludhiana to Chandigarh,https://www.redbus.in/bus-tickets/ludhiana-to-chandigarh,Deltin Travels Pvt Ltd,Bharat Benz A/C Seater /Sleeper (2+1),22:00,01h 25m,23:25,4.1,INR 599,31 Seats available
Ludhiana to Chandigarh,https://www.redbus.in/bus-tickets/ludhiana-to-chandigarh,Northern Travels,Bharat Benz A/C Sleeper (2+1),23:00,02h 30m,01:30,3.2,1234,24 Seats available
Ludhiana to Chandigarh,https://www.redbus.in/bus-tickets/ludhiana-to-chandigarh,Abtc Tour and Travels,Bharat Benz A/C Semi Sleeper (2+2),23:05,00h 52m,23:57,3.3,999,23 Seats available
Ludhiana to Chandigarh,https://www.redbus.in/bus-tickets/ludhiana-to-chandigarh,Abtc Tour and Travels,Bharat Benz A/C Semi Sleeper (2+2),23:05,01h 15m,00:20,3.3,999,23 Seats available
Ludhiana to Chandigarh,https://www.redbus.in/bus-tickets/ludhiana-to-chandigarh,Himalayan Nomad Ktc,Volvo A/C Semi Sleeper (2+2),23:05,00h 50m,23:55,3.9,1137,41 Seats available
Ludhiana to Chandigarh,https://www.redbus.in/bus-tickets/ludhiana-to-chandigarh,Himalayan Nomad Ktc,Volvo A/C Semi Sleeper (2+2),23:05,00h 52m,23:57,3.9,1137,41 Seats available
Ludhiana to Chandigarh,https://www.redbus.in/bus-tickets/ludhiana-to-chandigarh,Everest Holidays,Volvo A/C Semi Sleeper (2+2),23:15,00h 44m,23:59,3.4,1100,31 Seats available
Ludhiana to Chandigarh,https://www.redbus.in/bus-tickets/ludhiana-to-chandigarh,Zingbus Plus,Volvo A/C Semi Sleeper (2+2),23:30,03h 20m,02:50,4.5,1391,17 Seats available
Ludhiana to Chandigarh,https://www.redbus.in/bus-tickets/ludhiana-to-chandigarh,Muskan Tour And Travels private Limited,Volvo Multi-Axle I-Shift B11R Semi Sleeper (2+2),23:50,01h 20m,01:10,3.9,599,43 Seats available
Ludhiana to Chandigarh,https://www.redbus.in/bus-tickets/ludhiana-to-chandigarh,Laxmi holidays,Bharat Benz A/C Sleeper (2+1),23:55,02h 20m,02:15,4.9,INR 597,23 Seats available
Ludhiana to Chandigarh,https://www.redbus.in/bus-tickets/ludhiana-to-chandigarh,PAL Travel Lines,Volvo A/C Semi Sleeper (2+2),23:55,01h 45m,01:40,3.0,1102,35 Seats available
Ludhiana to Chandigarh,https://www.redbus.in/bus-tickets/ludhiana-to-chandigarh,NAYAR TRAVELS (OPC) PVT LTD,A/C Sleeper (2+1),13:30,03h 00m,16:30,2.0,INR 1899,34 Seats available
Ludhiana to Chandigarh,https://www.redbus.in/bus-tickets/ludhiana-to-chandigarh,Ankush travels,Bharat Benz A/C Seater / Sleeper (2+2),13:30,02h 15m,15:45,1.1,INR 1699,50 Seats available
Chandigarh to Yamuna Nagar,https://www.redbus.in/bus-tickets/chandigarh-to-yamuna-nagar,Chandigarh Transport Undertaking (CTU) - 165753,HVAC Seater (2+3),15:40,02h 45m,18:25,3.8,INR 195.6,42 Seats available
Chandigarh to Yamuna Nagar,https://www.redbus.in/bus-tickets/chandigarh-to-yamuna-nagar,Shree Mahaveer Travels Jaipur,Bharat Benz A/C Seater /Sleeper (2+1),22:00,02h 35m,00:35,3.7,INR 799,7 Seats available
Chandigarh to Yamuna Nagar,https://www.redbus.in/bus-tickets/chandigarh-to-yamuna-nagar,SHRI KRISHNA TRAVELS (JAI SHREE GANESH YATRA CO.),VE A/C Seater / Sleeper (2+1),23:55,02h 05m,02:00,3.7,INR 1499,16 Seats available
Chandigarh to Yamuna Nagar,https://www.redbus.in/bus-tickets/chandigarh-to-yamuna-nagar,SHRI KRISHNA TRAVELS (JAI SHREE GANESH YATRA CO.),VE A/C Seater / Sleeper (2+1),23:30,02h 30m,02:00,3.7,INR 999,16 Seats available
Chandigarh to Yamuna Nagar,https://www.redbus.in/bus-tickets/chandigarh-to-yamuna-nagar,City Land Travels,Volvo A/C Semi Sleeper (2+2),23:55,02h 05m,02:00,3.6,1259,17 Seats available
Chandigarh to Yamuna Nagar,https://www.redbus.in/bus-tickets/chandigarh-to-yamuna-nagar,Vijay Tour and Travels,Bharat Benz A/C Seater /Sleeper (2+1),21:30,02h 50m,00:20,3.5,674,23 Seats available
Chandigarh to Yamuna Nagar,https://www.redbus.in/bus-tickets/chandigarh-to-yamuna-nagar,Zimindara Travels,AC Sleeper (2+1),23:00,03h 15m,02:15,4.1,INR 699,21 Seats available
Chandigarh to Yamuna Nagar,https://www.redbus.in/bus-tickets/chandigarh-to-yamuna-nagar,SHRI KRISHNA TRAVELS (JAI SHREE GANESH YATRA CO.),A/C Sleeper (2+2),23:59,01h 46m,01:45,3.7,INR 1499,26 Seats available
Chandigarh to Yamuna Nagar,https://www.redbus.in/bus-tickets/chandigarh-to-yamuna-nagar,SHRI KRISHNA TRAVELS (JAI SHREE GANESH YATRA CO.),A/C Sleeper (2+2),23:45,02h 00m,01:45,3.7,INR 1499,40 Seats available
Chandigarh to Yamuna Nagar,https://www.redbus.in/bus-tickets/chandigarh-to-yamuna-nagar,Vijay Tour and Travels,Volvo 9600 A/C Sleeper (2+1),23:30,02h 30m,02:00,3.5,1124,3 Seats available
Chandigarh to Yamuna Nagar,https://www.redbus.in/bus-tickets/chandigarh-to-yamuna-nagar,Om Sidh Express,Volvo A/C (2+2),23:55,01h 35m,01:30,3.3,474,24 Seats available
Chandigarh to Hamirpur (Himachal Pradesh),https://www.redbus.in/bus-tickets/chandigarh-to-hamirpur-himachal-pradesh,HRTC - 1515,Ordinary 3+2 Non AC Seater,13:20,06h 55m,20:15,3.3,INR 373,37 Seats available
Chandigarh to Hamirpur (Himachal Pradesh),https://www.redbus.in/bus-tickets/chandigarh-to-hamirpur-himachal-pradesh,HRTC - 1529,Ordinary 3+2 Non AC Seater,13:56,05h 09m,19:05,4.1,INR 364,34 Seats available
Chandigarh to Hamirpur (Himachal Pradesh),https://www.redbus.in/bus-tickets/chandigarh-to-hamirpur-himachal-pradesh,HRTC - 1516,A/C Executive (2+3),15:00,03h 50m,18:50,4.2,INR 340,31 Seats available
Chandigarh to Hamirpur (Himachal Pradesh),https://www.redbus.in/bus-tickets/chandigarh-to-hamirpur-himachal-pradesh,HRTC - 1468,Ordinary 3+2 Non AC Seater,15:30,05h 50m,21:20,3.9,INR 302,37 Seats available
Chandigarh to Hamirpur (Himachal Pradesh),https://www.redbus.in/bus-tickets/chandigarh-to-hamirpur-himachal-pradesh,HRTC - 1546,Ordinary 3+2 Non AC Seater,16:25,04h 50m,21:15,2.5,INR 334,27 Seats available
Chandigarh to Hamirpur (Himachal Pradesh),https://www.redbus.in/bus-tickets/chandigarh-to-hamirpur-himachal-pradesh,HRTC - 9235,A/C Executive (2+3),16:40,05h 20m,22:00,4.7,INR 399,43 Seats available
Chandigarh to Hamirpur (Himachal Pradesh),https://www.redbus.in/bus-tickets/chandigarh-to-hamirpur-himachal-pradesh,HRTC - 401670,Ordinary 3+2 Non AC Seater,18:00,04h 00m,22:00,3.4,INR 310,33 Seats available
Chandigarh to Hamirpur (Himachal Pradesh),https://www.redbus.in/bus-tickets/chandigarh-to-hamirpur-himachal-pradesh,HRTC - 1549,Ordinary 3+2 Non AC Seater,18:15,06h 45m,01:00,3.9,INR 362,37 Seats available
Chandigarh to Baijnath,https://www.redbus.in/bus-tickets/chandigarh-to-baijnath,HRTC - 1514,Ordinary 3+2 Non AC Seater,16:00,08h 45m,00:45,3.3,INR 543,35 Seats available
Chandigarh to Baijnath,https://www.redbus.in/bus-tickets/chandigarh-to-baijnath,HRTC - 1505,Ordinary 3+2 Non AC Seater,20:16,07h 44m,04:00,3.7,INR 513,37 Seats available
Chandigarh to Baijnath,https://www.redbus.in/bus-tickets/chandigarh-to-baijnath,HRTC - 1150,Ordinary 3+2 Non AC Seater,20:30,08h 45m,05:15,3.9,INR 518,34 Seats available
Chandigarh to Baijnath,https://www.redbus.in/bus-tickets/chandigarh-to-baijnath,Chandigarh Transport Undertaking (CTU) - 165825,HVAC Seater (2+3),20:08,09h 00m,05:08,3.7,INR 611.4,47 Seats available
Chandigarh to Baijnath,https://www.redbus.in/bus-tickets/chandigarh-to-baijnath,Laxmi holidays,Scania Multi-Axle AC Semi Sleeper (2+2),23:55,06h 35m,06:30,4.5,INR 499,22 Seats available
Hamirpur (Himachal Pradesh) to Chandigarh,https://www.redbus.in/bus-tickets/hamirpur-himachal-pradesh-to-chandigarh,HRTC - 620,Ordinary 3+2 Non AC Seater,15:10,05h 30m,20:40,3.9,INR 364,36 Seats available
Hamirpur (Himachal Pradesh) to Chandigarh,https://www.redbus.in/bus-tickets/hamirpur-himachal-pradesh-to-chandigarh,HRTC - 401270,Ordinary 3+2 Non AC Seater,17:05,04h 00m,21:05,4.1,INR 310,36 Seats available
Hamirpur (Himachal Pradesh) to Chandigarh,https://www.redbus.in/bus-tickets/hamirpur-himachal-pradesh-to-chandigarh,HRTC - 621,Ordinary 3+2 Non AC Seater,17:10,04h 50m,22:00,3.9,INR 364,28 Seats available
Hamirpur (Himachal Pradesh) to Chandigarh,https://www.redbus.in/bus-tickets/hamirpur-himachal-pradesh-to-chandigarh,HRTC - 955,Ordinary 3+2 Non AC Seater,17:40,06h 15m,23:55,3.9,INR 334,37 Seats available
Hamirpur (Himachal Pradesh) to Chandigarh,https://www.redbus.in/bus-tickets/hamirpur-himachal-pradesh-to-chandigarh,HRTC - 622,Ordinary 3+2 Non AC Seater,21:15,05h 15m,02:30,2.0,INR 369,37 Seats available
Hamirpur (Himachal Pradesh) to Chandigarh,https://www.redbus.in/bus-tickets/hamirpur-himachal-pradesh-to-chandigarh,Northern Travels,Volvo A/C Semi Sleeper (2+2),21:45,03h 45m,01:30,3.2,760,11 Seats available
Hamirpur (Himachal Pradesh) to Chandigarh,https://www.redbus.in/bus-tickets/hamirpur-himachal-pradesh-to-chandigarh,Bedi Travels,Volvo A/C Semi Sleeper (2+2),22:05,04h 00m,02:05,4.8,656,10 Seats available
Hamirpur (Himachal Pradesh) to Chandigarh,https://www.redbus.in/bus-tickets/hamirpur-himachal-pradesh-to-chandigarh,Himalayan Nomad Ktc,Volvo A/C Semi Sleeper (2+2),22:05,03h 25m,01:30,3.9,569,22 Seats available
Hamirpur (Himachal Pradesh) to Chandigarh,https://www.redbus.in/bus-tickets/hamirpur-himachal-pradesh-to-chandigarh,Himalayan Nomad Ktc,Volvo A/C Semi Sleeper (2+2),22:25,03h 20m,01:45,3.9,612,24 Seats available
Hamirpur (Himachal Pradesh) to Chandigarh,https://www.redbus.in/bus-tickets/hamirpur-himachal-pradesh-to-chandigarh,Laxmi holidays,Volvo A/C Semi Sleeper (2+2),20:20,04h 55m,01:15,3.3,INR 899,1 Seat available
Hamirpur (Himachal Pradesh) to Chandigarh,https://www.redbus.in/bus-tickets/hamirpur-himachal-pradesh-to-chandigarh,Ram Dalal Holidays,Volvo A/C Semi Sleeper (2+2),21:15,04h 05m,01:20,4.5,827,8 Seats available
Hamirpur (Himachal Pradesh) to Chandigarh,https://www.redbus.in/bus-tickets/hamirpur-himachal-pradesh-to-chandigarh,Ram Dalal Holidays,Volvo A/C Semi Sleeper (2+2),22:00,05h 10m,03:10,4.5,988,15 Seats available
Hamirpur (Himachal Pradesh) to Chandigarh,https://www.redbus.in/bus-tickets/hamirpur-himachal-pradesh-to-chandigarh,Laxmi holidays,Volvo A/C Semi Sleeper (2+2),22:20,04h 55m,03:15,4.4,INR 899,27 Seats available
Chandigarh to Ludhiana,https://www.redbus.in/bus-tickets/chandigarh-to-ludhiana,Chandigarh Transport Undertaking (CTU) - 165805,HVAC Seater (2+3),13:14,02h 45m,15:59,4.8,INR 181.4,42 Seats available
Chandigarh to Ludhiana,https://www.redbus.in/bus-tickets/chandigarh-to-ludhiana,Chandigarh Transport Undertaking (CTU) - 165807,HVAC Seater (2+3),16:59,02h 45m,19:44,4.6,INR 181.4,44 Seats available
Chandigarh to Ludhiana,https://www.redbus.in/bus-tickets/chandigarh-to-ludhiana,Jujhar Travels,Volvo A/C Semi Sleeper (2+2),12:15,02h 00m,14:15,4.5,INR 300,26 Seats available
Chandigarh to Ludhiana,https://www.redbus.in/bus-tickets/chandigarh-to-ludhiana,Orbit Aviation Pvt. Ltd.,Mercedes Multi-Axle Semi Sleeper (2+2),12:55,01h 55m,14:50,3.2,INR 286,24 Seats available
Chandigarh to Ludhiana,https://www.redbus.in/bus-tickets/chandigarh-to-ludhiana,Jujhar Travels,Volvo A/C Semi Sleeper (2+2),14:13,02h 10m,16:23,4.4,INR 300,36 Seats available
Chandigarh to Ludhiana,https://www.redbus.in/bus-tickets/chandigarh-to-ludhiana,Orbit Aviation Pvt. Ltd.,Mercedes Multi-Axle Semi Sleeper (2+2),14:55,01h 55m,16:50,4.0,INR 286,37 Seats available
Chandigarh to Ludhiana,https://www.redbus.in/bus-tickets/chandigarh-to-ludhiana,Jujhar Travels,Mercedes A/C Seater (2+2),15:00,02h 15m,17:15,3.4,INR 300,29 Seats available
Chandigarh to Ludhiana,https://www.redbus.in/bus-tickets/chandigarh-to-ludhiana,Jujhar Travels,Volvo A/C Semi Sleeper (2+2),15:25,02h 05m,17:30,4.2,INR 300,38 Seats available
Chandigarh to Ludhiana,https://www.redbus.in/bus-tickets/chandigarh-to-ludhiana,Jujhar Travels,Volvo A/C Semi Sleeper (2+2),15:50,02h 15m,18:05,4.4,INR 300,41 Seats available
Chandigarh to Ludhiana,https://www.redbus.in/bus-tickets/chandigarh-to-ludhiana,Jujhar Travels,Volvo A/C Semi Sleeper (2+2),16:20,02h 10m,18:30,4.0,INR 300,33 Seats available
Chandigarh to Ludhiana,https://www.redbus.in/bus-tickets/chandigarh-to-ludhiana,Jujhar Travels,Volvo A/C Semi Sleeper (2+2),17:10,01h 55m,19:05,4.1,INR 300,39 Seats available
Chandigarh to Ludhiana,https://www.redbus.in/bus-tickets/chandigarh-to-ludhiana,Jujhar Travels,Volvo A/C Semi Sleeper (2+2),17:25,02h 35m,20:00,4.1,INR 300,37 Seats available
Chandigarh to Ludhiana,https://www.redbus.in/bus-tickets/chandigarh-to-ludhiana,Jujhar Travels,Volvo A/C Semi Sleeper (2+2),18:20,02h 00m,20:20,3.8,INR 300,40 Seats available
Chandigarh to Ludhiana,https://www.redbus.in/bus-tickets/chandigarh-to-ludhiana,Orbit Aviation Pvt Ltd,Mercedes Multi-Axle Semi Sleeper (2+2),18:55,02h 00m,20:55,3.1,394,42 Seats available
Chandigarh to Ludhiana,https://www.redbus.in/bus-tickets/chandigarh-to-ludhiana,FlixBus,Bharat Benz A/C Sleeper (2+1),23:10,02h 00m,01:10,4.1,INR 233.04,5 Seats available
Chandigarh to Ludhiana,https://www.redbus.in/bus-tickets/chandigarh-to-ludhiana,Orbit Aviation Pvt. Ltd.,Mercedes Multi-Axle Semi Sleeper (2+2),17:55,02h 05m,20:00,2.5,INR 286,39 Seats available
Chandigarh to Ludhiana,https://www.redbus.in/bus-tickets/chandigarh-to-ludhiana,AMBIKA MISHRA TRAVELS,AC Sleeper (2+1),20:40,01h 40m,22:20,2.3,285,14 Seats available
Chandigarh to Ludhiana,https://www.redbus.in/bus-tickets/chandigarh-to-ludhiana,Rajpreet Travels and cargo,A/C Sleeper (2+1),19:00,02h 30m,21:30,3.3,INR 950,26 Seats available
Chandigarh to Ludhiana,https://www.redbus.in/bus-tickets/chandigarh-to-ludhiana,Zimindara Travels,AC Sleeper (2+1),20:00,02h 20m,22:20,4.1,INR 714,18 Seats available
Chandigarh to Ludhiana,https://www.redbus.in/bus-tickets/chandigarh-to-ludhiana,Rajpreet Travels and cargo,A/C Sleeper (2+1),20:00,02h 00m,22:00,3.3,INR 666,26 Seats available
Chandigarh to Ludhiana,https://www.redbus.in/bus-tickets/chandigarh-to-ludhiana,Tantia Travels & Cargo,A/C Seater / Sleeper (2+1),20:15,02h 00m,22:15,3.9,INR 666,28 Seats available
Chandigarh to Dehradun,https://www.redbus.in/bus-tickets/chandigarh-to-dehradun,NueGo,A/C Seater (2+2),18:00,04h 55m,22:55,4.1,382,14 Seats available
Chandigarh to Dehradun,https://www.redbus.in/bus-tickets/chandigarh-to-dehradun,NueGo,A/C Seater (2+2),19:00,03h 55m,22:55,4.5,382,15 Seats available
Chandigarh to Dehradun,https://www.redbus.in/bus-tickets/chandigarh-to-dehradun,Zimindara Travels,AC Sleeper (2+1),23:00,06h 30m,05:30,3.5,INR 749,17 Seats available
Chandigarh to Dehradun,https://www.redbus.in/bus-tickets/chandigarh-to-dehradun,SHRI KRISHNA TRAVELS (JAI SHREE GANESH YATRA CO.),VE A/C Seater / Sleeper (2+1),23:30,05h 30m,05:00,3.7,INR 1199,15 Seats available
Chandigarh to Dehradun,https://www.redbus.in/bus-tickets/chandigarh-to-dehradun,SHRI KRISHNA TRAVELS (JAI SHREE GANESH YATRA CO.),A/C Sleeper (2+2),23:45,04h 45m,04:30,3.7,INR 1199,25 Seats available
Chandigarh to Dehradun,https://www.redbus.in/bus-tickets/chandigarh-to-dehradun,Laxmi holidays,VE A/C Semi Sleeper (2+2),23:55,05h 50m,05:45,4.4,INR 799,27 Seats available
Chandigarh to Dehradun,https://www.redbus.in/bus-tickets/chandigarh-to-dehradun,City Land Travels,Volvo A/C Semi Sleeper (2+2),23:55,06h 05m,06:00,4.7,1259,17 Seats available
Chandigarh to Dehradun,https://www.redbus.in/bus-tickets/chandigarh-to-dehradun,SHRI KRISHNA TRAVELS (JAI SHREE GANESH YATRA CO.),VE A/C Seater / Sleeper (2+1),23:55,05h 05m,05:00,3.7,INR 1199,16 Seats available
Chandigarh to Dehradun,https://www.redbus.in/bus-tickets/chandigarh-to-dehradun,Om Sidh Express,Volvo A/C (2+2),23:55,05h 05m,05:00,3.0,474,22 Seats available
Chandigarh to Dehradun,https://www.redbus.in/bus-tickets/chandigarh-to-dehradun,SHRI KRISHNA TRAVELS (JAI SHREE GANESH YATRA CO.),A/C Sleeper (2+2),23:59,04h 31m,04:30,3.7,INR 1199,26 Seats available
Chandigarh to Dehradun,https://www.redbus.in/bus-tickets/chandigarh-to-dehradun,BHARAT TRAVELS CHANDIGARH,VE A/C Semi Sleeper (2+2),19:00,05h 30m,00:30,1.0,629,48 Seats available
Chandigarh to Sujanpur (himachal pradesh),https://www.redbus.in/bus-tickets/chandigarh-to-sujanpur,HRTC - 6748,Ordinary 3+2 Non AC Seater,14:05,06h 25m,20:30,3.9,INR 358,36 Seats available
Chandigarh to Sujanpur (himachal pradesh),https://www.redbus.in/bus-tickets/chandigarh-to-sujanpur,HRTC - 1548,Ordinary 3+2 Non AC Seater,14:20,06h 25m,20:45,3.9,INR 373,37 Seats available
Chandigarh to Sujanpur (himachal pradesh),https://www.redbus.in/bus-tickets/chandigarh-to-sujanpur,HRTC - 1528,Ordinary 3+2 Non AC Seater,18:40,05h 50m,00:30,4.1,INR 381,37 Seats available
Chandigarh to Vrindavan,https://www.redbus.in/bus-tickets/chandigarh-to-vrindavan,Chandigarh Transport Undertaking (CTU) - 165938,HVAC Seater (2+3),20:00,09h 45m,05:45,3.8,INR 634.7,35 Seats available
Chandigarh to Vrindavan,https://www.redbus.in/bus-tickets/chandigarh-to-vrindavan,GK Travels,A/C Seater/Sleeper (2+1),16:00,08h 00m,00:00,3.7,1234,18 Seats available
Chandigarh to Vrindavan,https://www.redbus.in/bus-tickets/chandigarh-to-vrindavan,NAYAR TRAVELS (OPC) PVT LTD,A/C Sleeper (2+1),16:30,08h 00m,00:30,2.0,INR 1899,31 Seats available
Chandigarh to Pathankot,https://www.redbus.in/bus-tickets/chandigarh-to-pathankot,HRTC - 1517,Ordinary 3+2 Non AC Seater,15:35,07h 30m,23:05,3.7,INR 461,37 Seats available
Chandigarh to Pathankot,https://www.redbus.in/bus-tickets/chandigarh-to-pathankot,HRTC - 1525,A/C Executive (2+3),18:30,07h 00m,01:30,3.2,INR 482,44 Seats available
Chandigarh to Pathankot,https://www.redbus.in/bus-tickets/chandigarh-to-pathankot,Orbit Aviation Pvt. Ltd.,Mercedes Multi-Axle Semi Sleeper (2+2),13:00,04h 35m,17:35,3.6,INR 788,35 Seats available
Chandigarh to Pathankot,https://www.redbus.in/bus-tickets/chandigarh-to-pathankot,Orbit Aviation Pvt Ltd,Mercedes Multi-Axle Semi Sleeper (2+2),13:55,06h 05m,20:00,3.4,824,16 Seats available
Chandigarh to Pathankot,https://www.redbus.in/bus-tickets/chandigarh-to-pathankot,Orbit Aviation Pvt Ltd,Mercedes Multi-Axle Semi Sleeper (2+2),13:58,06h 02m,20:00,3.4,499,17 Seats available
Chandigarh to Pathankot,https://www.redbus.in/bus-tickets/chandigarh-to-pathankot,Khurana Bus Service,Volvo A/C (2+2),14:30,05h 00m,19:30,3.5,INR 550,8 Seats available
Chandigarh to Pathankot,https://www.redbus.in/bus-tickets/chandigarh-to-pathankot,Orbit Aviation Pvt. Ltd.,Mercedes Multi-Axle Semi Sleeper (2+2),14:40,04h 20m,19:00,3.5,INR 788,28 Seats available
Chandigarh to Pathankot,https://www.redbus.in/bus-tickets/chandigarh-to-pathankot,Orbit Aviation Pvt Ltd,Mercedes Multi-Axle Semi Sleeper (2+2),18:55,05h 00m,23:55,4.4,574,41 Seats available
Chandigarh to Pathankot,https://www.redbus.in/bus-tickets/chandigarh-to-pathankot,New Pal Travels,A/C Sleeper (2+1),19:30,07h 00m,02:30,5.0,513,19 Seats available
Chandigarh to Pathankot,https://www.redbus.in/bus-tickets/chandigarh-to-pathankot,Jamna Travels-Jammu,AshokLeyland Stile A/C,20:30,05h 00m,01:30,3.2,INR 550,23 Seats available
Chandigarh to Pathankot,https://www.redbus.in/bus-tickets/chandigarh-to-pathankot,Baru travels,A/C Seater / Sleeper (2+2),20:45,05h 15m,02:00,4.4,431,34 Seats available
Chandigarh to Pathankot,https://www.redbus.in/bus-tickets/chandigarh-to-pathankot,Harikesh Tour N Travels,A/C Sleeper (2+1),21:00,05h 00m,02:00,4.0,481,18 Seats available
Chandigarh to Pathankot,https://www.redbus.in/bus-tickets/chandigarh-to-pathankot,Moon Light Travels Katra,A/C Sleeper (2+1),21:15,04h 45m,02:00,4.1,594,7 Seats available
Chandigarh to Pathankot,https://www.redbus.in/bus-tickets/chandigarh-to-pathankot,Awadh Travels,A/C Sleeper (2+1),21:15,04h 45m,02:00,3.4,584,10 Seats available
Chandigarh to Pathankot,https://www.redbus.in/bus-tickets/chandigarh-to-pathankot,Radhe Travels,Bharat Benz A/C Sleeper (2+1),21:30,05h 00m,02:30,4.1,INR 579,17 Seats available
Chandigarh to Pathankot,https://www.redbus.in/bus-tickets/chandigarh-to-pathankot,SAHARA TRAVELS,A/C Seater / Sleeper (2+2),21:30,05h 30m,03:00,3.5,480,40 Seats available
Chandigarh to Pathankot,https://www.redbus.in/bus-tickets/chandigarh-to-pathankot,Moon Light Travels Katra,A/C Sleeper (2+1),22:00,04h 00m,02:00,4.1,594,18 Seats available
Chandigarh to Pathankot,https://www.redbus.in/bus-tickets/chandigarh-to-pathankot,GOBUS,A/C Seater / Sleeper (2+2),22:05,04h 25m,02:30,3.7,449,50 Seats available
Chandigarh to Pathankot,https://www.redbus.in/bus-tickets/chandigarh-to-pathankot,Vijay Tour and Travels,Bharat Benz A/C Seater /Sleeper (2+1),22:30,05h 30m,04:00,3.5,629,38 Seats available
Chandigarh to Pathankot,https://www.redbus.in/bus-tickets/chandigarh-to-pathankot,Laxmi holidays,Bharat Benz A/C Seater /Sleeper (2+1),22:50,04h 10m,03:00,4.2,INR 529,20 Seats available
Chandigarh to Pathankot,https://www.redbus.in/bus-tickets/chandigarh-to-pathankot,Zimindara Travels,AC Sleeper (2+1),23:00,04h 30m,03:30,4.7,INR 749,28 Seats available
Chandigarh to Pathankot,https://www.redbus.in/bus-tickets/chandigarh-to-pathankot,Laxmi holidays,Bharat Benz A/C Seater /Sleeper (2+1),23:05,04h 15m,03:20,4.3,INR 544,13 Seats available
Chandigarh to Pathankot,https://www.redbus.in/bus-tickets/chandigarh-to-pathankot,FlixBus,Bharat Benz A/C Sleeper (2+1),23:10,05h 25m,04:35,4.1,INR 1167.86,6 Seats available
Chandigarh to Pathankot,https://www.redbus.in/bus-tickets/chandigarh-to-pathankot,Goel Tourist (Regd),A/C Seater / Sleeper (2+2),23:15,04h 15m,03:30,3.1,540,28 Seats available
Chandigarh to Pathankot,https://www.redbus.in/bus-tickets/chandigarh-to-pathankot,City Land Travels,A/C Seater/Sleeper (2+1),23:20,03h 40m,03:00,3.3,540,28 Seats available
Chandigarh to Pathankot,https://www.redbus.in/bus-tickets/chandigarh-to-pathankot,Laxmi holidays,Bharat Benz A/C Sleeper (2+1),23:30,04h 50m,04:20,4.0,INR 630,16 Seats available
Chandigarh to Pathankot,https://www.redbus.in/bus-tickets/chandigarh-to-pathankot,SHRI KRISHNA TRAVELS (JAI SHREE GANESH YATRA CO.),VE A/C Seater / Sleeper (2+1),23:30,05h 30m,05:00,3.7,INR 699,30 Seats available
Chandigarh to Pathankot,https://www.redbus.in/bus-tickets/chandigarh-to-pathankot,SPEED BUS,Bharat Benz A/C Seater / Sleeper (2+2),23:30,04h 10m,03:40,3.5,743,52 Seats available
Chandigarh to Pathankot,https://www.redbus.in/bus-tickets/chandigarh-to-pathankot,Laxmi holidays,Bharat Benz A/C Seater /Sleeper (2+1),23:35,04h 10m,03:45,4.4,INR 576,23 Seats available
Chandigarh to Pathankot,https://www.redbus.in/bus-tickets/chandigarh-to-pathankot,Lucky Bus Service,Volvo A/C Sleeper (2+2),23:45,04h 00m,03:45,3.8,1169,32 Seats available
Chandigarh to Pathankot,https://www.redbus.in/bus-tickets/chandigarh-to-pathankot,Laxmi holidays,Volvo 9600 Multi-Axle A/C Sleeper (2+1),23:50,04h 10m,04:00,4.9,INR 933,14 Seats available
Chandigarh to Pathankot,https://www.redbus.in/bus-tickets/chandigarh-to-pathankot,IntrCity SmartBus,VE A/C Seater / Sleeper (2+1),23:50,04h 55m,04:45,4.5,INR 555,18 Seats available
Chandigarh to Pathankot,https://www.redbus.in/bus-tickets/chandigarh-to-pathankot,RK Holiday,A/C Seater / Sleeper (2+2),23:55,03h 45m,03:40,3.1,522,45 Seats available
Chandigarh to Pathankot,https://www.redbus.in/bus-tickets/chandigarh-to-pathankot,Ashok Bus Service,VE A/C Seater / Sleeper (2+1),23:55,04h 35m,04:30,3.8,INR 599,36 Seats available
Chandigarh to Pathankot,https://www.redbus.in/bus-tickets/chandigarh-to-pathankot,Jamna Travels (Delhi),A/C Seater / Sleeper (2+2),23:59,05h 16m,05:15,3.9,INR 699,24 Seats available
Chandigarh to Pathankot,https://www.redbus.in/bus-tickets/chandigarh-to-pathankot,Orbit Aviation Pvt Ltd,Mercedes Multi-Axle Semi Sleeper (2+2),13:40,06h 20m,20:00,2.5,499,17 Seats available
Chandigarh to Pathankot,https://www.redbus.in/bus-tickets/chandigarh-to-pathankot,Khurana Bus Service,Volvo A/C (2+2),14:50,04h 40m,19:30,2.8,INR 550,8 Seats available
Chandigarh to Pathankot,https://www.redbus.in/bus-tickets/chandigarh-to-pathankot,Orbit Aviation Pvt. Ltd.,Mercedes Multi-Axle Semi Sleeper (2+2),16:00,04h 40m,20:40,2.9,INR 788,44 Seats available
Chandigarh to Pathankot,https://www.redbus.in/bus-tickets/chandigarh-to-pathankot,Maheshwaram Travels,A/C Seater / Sleeper (2+2),21:00,09h 00m,06:00,1.4,826,36 Seats available
Chandigarh to Pathankot,https://www.redbus.in/bus-tickets/chandigarh-to-pathankot,Radhe Travels,Bharat Benz A/C Sleeper (2+1),21:20,05h 10m,02:30,2.3,INR 579,17 Seats available
Chandigarh to Pathankot,https://www.redbus.in/bus-tickets/chandigarh-to-pathankot,Big Bus,A/C Seater / Sleeper (2+2),23:00,04h 00m,03:00,2.8,INR 695,25 Seats available
Chandigarh to Pathankot,https://www.redbus.in/bus-tickets/chandigarh-to-pathankot,CAPITAL HOLIDAYS,A/C Seater / Sleeper (2+2),23:00,04h 00m,03:00,2.6,495,37 Seats available
Chandigarh to Pathankot,https://www.redbus.in/bus-tickets/chandigarh-to-pathankot,SWAGATAM TOUR HOLIDAY,A/C Sleeper (2+2),23:59,04h 26m,04:25,2.8,INR 1599,42 Seats available
Dehradun to Chandigarh,https://www.redbus.in/bus-tickets/dehradun-to-chandigarh,Chandigarh Transport Undertaking (CTU) - 165792,HVAC Seater (2+3),13:40,05h 35m,19:15,3.4,INR 397.5,43 Seats available
Dehradun to Chandigarh,https://www.redbus.in/bus-tickets/dehradun-to-chandigarh,Chandigarh Transport Undertaking (CTU) - 165794,HVAC Seater (2+3),14:30,05h 40m,20:10,3.9,INR 397.5,47 Seats available
Dehradun to Chandigarh,https://www.redbus.in/bus-tickets/dehradun-to-chandigarh,Chandigarh Transport Undertaking (CTU) - 165796,HVAC Seater (2+3),15:30,05h 40m,21:10,3.6,INR 397.5,47 Seats available
Dehradun to Chandigarh,https://www.redbus.in/bus-tickets/dehradun-to-chandigarh,Laxmi holidays,Bharat Benz A/C Seater /Sleeper (2+1),16:00,06h 50m,22:50,4.6,INR 640,22 Seats available
Dehradun to Chandigarh,https://www.redbus.in/bus-tickets/dehradun-to-chandigarh,Zimindara Travels,AC Sleeper (2+1),16:00,07h 15m,23:15,4.8,INR 649,24 Seats available
Dehradun to Chandigarh,https://www.redbus.in/bus-tickets/dehradun-to-chandigarh,Laxmi holidays,Bharat Benz A/C Seater /Sleeper (2+1),16:45,06h 50m,23:35,4.4,INR 576,30 Seats available
Dehradun to Chandigarh,https://www.redbus.in/bus-tickets/dehradun-to-chandigarh,SHRI KRISHNA TRAVELS (JAI SHREE GANESH YATRA CO.),VE A/C Seater / Sleeper (2+1),17:00,06h 30m,23:30,3.2,INR 799,20 Seats available
Dehradun to Chandigarh,https://www.redbus.in/bus-tickets/dehradun-to-chandigarh,City Land Travels,A/C Seater/Sleeper (2+1),17:30,05h 50m,23:20,3.7,540,29 Seats available
Dehradun to Chandigarh,https://www.redbus.in/bus-tickets/dehradun-to-chandigarh,NueGo,A/C Seater (2+2),18:00,04h 55m,22:55,4.4,382,36 Seats available
Dehradun to Chandigarh,https://www.redbus.in/bus-tickets/dehradun-to-chandigarh,NueGo,A/C Seater (2+2),18:00,04h 05m,22:05,4.1,382,35 Seats available
Dehradun to Chandigarh,https://www.redbus.in/bus-tickets/dehradun-to-chandigarh,City Land Travels,Volvo A/C Semi Sleeper (2+2),18:15,07h 00m,01:15,3.9,810,23 Seats available
Dehradun to Chandigarh,https://www.redbus.in/bus-tickets/dehradun-to-chandigarh,Laxmi holidays,VE A/C Semi Sleeper (2+2),18:30,05h 20m,23:50,4.7,INR 699,32 Seats available
Dehradun to Chandigarh,https://www.redbus.in/bus-tickets/dehradun-to-chandigarh,KN Nehra Travels,A/C Seater / Sleeper (2+1),19:00,06h 55m,01:55,3.0,INR 699,29 Seats available
Dehradun to Chandigarh,https://www.redbus.in/bus-tickets/dehradun-to-chandigarh,KN Nehra Travels,A/C Seater / Sleeper (2+1),19:00,07h 10m,02:10,3.0,INR 699,27 Seats available
Dehradun to Chandigarh,https://www.redbus.in/bus-tickets/dehradun-to-chandigarh,SHRI KRISHNA TRAVELS (JAI SHREE GANESH YATRA CO.),A/C Sleeper (2+2),22:35,03h 55m,02:30,3.7,INR 1499,1 Seat available
Dehradun to Chandigarh,https://www.redbus.in/bus-tickets/dehradun-to-chandigarh,SHRI KRISHNA TRAVELS (JAI SHREE GANESH YATRA CO.),A/C Sleeper (2+2),22:35,04h 25m,03:00,3.7,INR 1499,1 Seat available
Dehradun to Chandigarh,https://www.redbus.in/bus-tickets/dehradun-to-chandigarh,SHRI KRISHNA TRAVELS (JAI SHREE GANESH YATRA CO.),Bharat Benz A/C Seater /Sleeper (2+1),23:20,04h 55m,04:15,3.7,INR 1099,18 Seats available
Dehradun to Chandigarh,https://www.redbus.in/bus-tickets/dehradun-to-chandigarh,Om Sidh Express,Volvo A/C (2+2),17:30,06h 00m,23:30,2.4,468,30 Seats available
Dehradun to Chandigarh,https://www.redbus.in/bus-tickets/dehradun-to-chandigarh,SHRI KRISHNA TRAVELS (JAI SHREE GANESH YATRA CO.),Bharat Benz A/C Seater /Sleeper (2+1),23:20,04h 40m,04:00,1.6,INR 1099,18 Seats available
Dehradun to Chandigarh,https://www.redbus.in/bus-tickets/dehradun-to-chandigarh,Zingbus Plus,Volvo A/C Semi Sleeper (2+2),21:45,05h 05m,02:50,4.5,1767,23 Seats available
Chandigarh to Dharamshala (Himachal Pradesh),https://www.redbus.in/bus-tickets/chandigarh-to-dharamshala,HRTC - 127,Himsuta AC Seater Volvo/Scania 2+2,15:40,06h 20m,22:00,4.6,INR 784,30 Seats available
Chandigarh to Dharamshala (Himachal Pradesh),https://www.redbus.in/bus-tickets/chandigarh-to-dharamshala,HRTC - 1285,Ordinary 3+2 Non AC Seater,18:40,07h 50m,02:30,3.9,INR 469,37 Seats available
Chandigarh to Dharamshala (Himachal Pradesh),https://www.redbus.in/bus-tickets/chandigarh-to-dharamshala,HRTC - 573,Himmani Deluxe 2+2 Non AC Seater,19:40,06h 20m,02:00,2.7,INR 503,19 Seats available
Chandigarh to Dharamshala (Himachal Pradesh),https://www.redbus.in/bus-tickets/chandigarh-to-dharamshala,HRTC - 91,Himsuta AC Seater Volvo/Scania 2+2,22:10,06h 30m,04:40,3.8,INR 784,27 Seats available
Chandigarh to Dharamshala (Himachal Pradesh),https://www.redbus.in/bus-tickets/chandigarh-to-dharamshala,Laxmi holidays,VE A/C Semi Sleeper (2+2),23:50,05h 40m,05:30,4.5,INR 799,32 Seats available
Chandigarh to Dharamshala (Himachal Pradesh),https://www.redbus.in/bus-tickets/chandigarh-to-dharamshala,Laxmi holidays,Volvo 9600 A/C Semi Sleeper (2+2),23:55,06h 05m,06:00,4.7,INR 799,17 Seats available
Chandigarh to Dharamshala (Himachal Pradesh),https://www.redbus.in/bus-tickets/chandigarh-to-dharamshala,Laxmi holidays,Volvo 9600 A/C Semi Sleeper (2+2),23:55,06h 04m,05:59,4.5,INR 799,19 Seats available
Chandigarh to Dharamshala (Himachal Pradesh),https://www.redbus.in/bus-tickets/chandigarh-to-dharamshala,Asian's Shina Tour & Travels (Swoyambhu Manjushree Yatayat P. LTD),NON A/C Semi Sleeper (2+2),23:55,06h 36m,06:31,2.6,INR 999,29 Seats available
Chandigarh to Dharamshala (Himachal Pradesh),https://www.redbus.in/bus-tickets/chandigarh-to-dharamshala,Asian's Shina Tour & Travels (Swoyambhu Manjushree Yatayat P. LTD),NON A/C Semi Sleeper (2+2),23:55,06h 50m,06:45,2.6,INR 999,29 Seats available
Sujanpur (himachal pradesh) to Chandigarh,https://www.redbus.in/bus-tickets/sujanpur-to-chandigarh,HRTC - 955,Ordinary 3+2 Non AC Seater,16:20,07h 35m,23:55,3.9,INR 386,37 Seats available
Sujanpur (himachal pradesh) to Chandigarh,https://www.redbus.in/bus-tickets/sujanpur-to-chandigarh,HRTC - 952,Ordinary 3+2 Non AC Seater,17:34,06h 46m,00:20,3.9,INR 383,37 Seats available
Sujanpur (himachal pradesh) to Chandigarh,https://www.redbus.in/bus-tickets/sujanpur-to-chandigarh,HRTC - 953,Ordinary 3+2 Non AC Seater,18:20,05h 30m,23:50,3.9,INR 373,37 Seats available
Sujanpur (himachal pradesh) to Chandigarh,https://www.redbus.in/bus-tickets/sujanpur-to-chandigarh,HRTC - 1105,Ordinary 3+2 Non AC Seater,19:00,06h 10m,01:10,3.9,INR 383,29 Seats available
Sujanpur (himachal pradesh) to Chandigarh,https://www.redbus.in/bus-tickets/sujanpur-to-chandigarh,HRTC - 1101,Ordinary 3+2 Non AC Seater,19:30,05h 35m,01:05,3.9,INR 383,12 Seats available
Sujanpur (himachal pradesh) to Chandigarh,https://www.redbus.in/bus-tickets/sujanpur-to-chandigarh,HRTC - 622,Ordinary 3+2 Non AC Seater,20:10,06h 20m,02:30,3.9,INR 422,37 Seats available
Sujanpur (himachal pradesh) to Chandigarh,https://www.redbus.in/bus-tickets/sujanpur-to-chandigarh,HRTC - 1106,Ordinary 3+2 Non AC Seater,20:30,05h 45m,02:15,3.9,INR 383,32 Seats available
Sujanpur (himachal pradesh) to Chandigarh,https://www.redbus.in/bus-tickets/sujanpur-to-chandigarh,Chandigarh Transport Undertaking (CTU) - 165837,HVAC Seater (2+3),13:20,06h 30m,19:50,4.0,INR 476.2,41 Seats available
Sujanpur (himachal pradesh) to Chandigarh,https://www.redbus.in/bus-tickets/sujanpur-to-chandigarh,Laxmi holidays,Volvo A/C Semi Sleeper (2+2),19:30,05h 45m,01:15,4.9,INR 899,1 Seat available
Sujanpur (himachal pradesh) to Chandigarh,https://www.redbus.in/bus-tickets/sujanpur-to-chandigarh,Laxmi holidays,Volvo A/C Semi Sleeper (2+2),21:30,05h 45m,03:15,4.4,INR 899,27 Seats available
Vrindavan to Chandigarh,https://www.redbus.in/bus-tickets/vrindavan-to-chandigarh,HRTC - 587,Ordinary 3+2 Non AC Seater,14:00,09h 05m,23:05,4.0,INR 455,28 Seats available
Vrindavan to Chandigarh,https://www.redbus.in/bus-tickets/vrindavan-to-chandigarh,Chandigarh Transport Undertaking (CTU) - 165939,HVAC Seater (2+3),16:00,09h 45m,01:45,3.8,INR 634.7,38 Seats available
Chandigarh to Shimla,https://www.redbus.in/bus-tickets/chandigarh-to-shimla,HRTC - 1552,Ordinary 3+2 Non AC Seater,13:54,04h 09m,18:03,3.9,INR 242,37 Seats available
Chandigarh to Shimla,https://www.redbus.in/bus-tickets/chandigarh-to-shimla,HRTC - 1556,Ordinary 3+2 Non AC Seater,14:48,04h 12m,19:00,3.9,INR 242,32 Seats available
Chandigarh to Shimla,https://www.redbus.in/bus-tickets/chandigarh-to-shimla,HRTC - 126,Ordinary 3+2 Non AC Seater,15:15,04h 30m,19:45,3.2,INR 242,32 Seats available
Chandigarh to Shimla,https://www.redbus.in/bus-tickets/chandigarh-to-shimla,HRTC - 1553,Ordinary 3+2 Non AC Seater,16:40,04h 09m,20:49,3.9,INR 242,47 Seats available
Chandigarh to Shimla,https://www.redbus.in/bus-tickets/chandigarh-to-shimla,HRTC - 1511,Himmani Deluxe 2+2 Non AC Seater,17:50,04h 30m,22:20,3.9,INR 262,23 Seats available
Chandigarh to Shimla,https://www.redbus.in/bus-tickets/chandigarh-to-shimla,HRTC - 1509,Ordinary 3+2 Non AC Seater,18:00,04h 30m,22:30,3.9,INR 242,29 Seats available
Chandigarh to Shimla,https://www.redbus.in/bus-tickets/chandigarh-to-shimla,HRTC - 63,Himsuta AC Seater Volvo/Scania 2+2,18:10,04h 20m,22:30,4.5,INR 389,28 Seats available
Chandigarh to Shimla,https://www.redbus.in/bus-tickets/chandigarh-to-shimla,HRTC - 6707,Ordinary 3+2 Non AC Seater,18:30,04h 30m,23:00,3.9,INR 242,37 Seats available
Chandigarh to Shimla,https://www.redbus.in/bus-tickets/chandigarh-to-shimla,HRTC - 2040088,Ordinary 3+2 Non AC Seater,19:00,04h 10m,23:10,3.9,INR 242,37 Seats available
Chandigarh to Shimla,https://www.redbus.in/bus-tickets/chandigarh-to-shimla,HRTC - 2030270,Ordinary 3+2 Non AC Seater,19:30,03h 30m,23:00,3.9,INR 232,37 Seats available
Chandigarh to Shimla,https://www.redbus.in/bus-tickets/chandigarh-to-shimla,HRTC - 2040086,Ordinary 3+2 Non AC Seater,20:00,04h 10m,00:10,3.9,INR 242,37 Seats available
Chandigarh to Shimla,https://www.redbus.in/bus-tickets/chandigarh-to-shimla,HRTC - 1729,Ordinary 3+2 Non AC Seater,20:20,05h 10m,01:30,3.9,INR 242,36 Seats available
Chandigarh to Shimla,https://www.redbus.in/bus-tickets/chandigarh-to-shimla,City Land Travels,Volvo A/C Semi Sleeper (2+2),15:00,03h 30m,18:30,3.5,405,11 Seats available
Chandigarh to Shimla,https://www.redbus.in/bus-tickets/chandigarh-to-shimla,City Land Travels,Volvo A/C Semi Sleeper (2+2),15:10,03h 20m,18:30,3.7,405,13 Seats available
Chandigarh to Shimla,https://www.redbus.in/bus-tickets/chandigarh-to-shimla,Maheshwaram Travels,Volvo A/C Semi Sleeper (2+2),15:00,15h 00m,06:00,1.4,2191,41 Seats available
